10747	ISP LAF ATG
10748	ISP LAF DISP
10749	ISP LAF OPS1
10750	ISP LAF OPS2
10751	ISP LAF OPS3
10016	BENTON ADMIN
10017	BENTON LAW
10018	BENTON DISP
10019	BENTON EMA
10020	BENTON EMS
10021	BENTON AMBIA
10048	CARROLL CARS
10049	DELPHI PD
10050	CARROLL DISP
10051	CARROLL FG1
10052	CARROLL FG2
10053	CARROLL OPS1
10054	CARROLL OPS2
10055	CARROLL EMS DISP
10056	CARROLL FD DISP
10095	CLINTON OPS1
10096	CLINTON OPS2
10097	CLINTON OPS3
10098	CLINTON EMA
10099	CLINTON EMS OPS
10100	CLINTON FIRE CTRL
10101	CLINTON FIRE OPS1
10102	CLINTON FIRE OPS2
10103	CLINTON FIRE OPS3
10104	CLINTON FIRE OPS4
10105	CLINTON FIRE TALK
10106	CLINTON INVEST
10107	CLINTON LAW DISP1
10108	CLINTON LAW DISP2
10109	CLINTON LAW TALK
10558	INDOT CRW MAIN
10559	INDOT CRW ENG
10560	INDOT CRW EVENT
